Commit ID,Developer,Date,File Changed,Lines Added,Lines Deleted,Commit Message
d6bd95343a116329,Yvette,2024-03-04,module_6.py,31,53,Added feature
d1e51d17f2e11a9e,Katie,2024-05-18,module_7.py,8,43,Minor fix
75bb24c36784e0c3,Robin,2024-02-04,module_14.py,74,62,Updated docs
27f238e10f707d50,Angel,2024-03-21,module_15.py,10,76,Refactored function
34d073795b39dfd0,Charles,2024-03-30,module_16.py,18,7,Removed unused code
3b6a5b2c017f4780,Mark,2024-03-30,module_9.py,63,73,Fixed bug
c73dcb5c4cc7f986,Michele,2024-05-06,module_1.py,81,72,Minor fix
9d2e07d549099910,Jesse,2024-02-25,module_12.py,40,10,Minor fix
d02aea1f250bd1df,Natalie,2024-04-02,module_19.py,84,46,Removed unused code
657ead0152aecf4,Jeffery,2024-03-25,module_10.py,82,21,Refactored function
705af7d8ec3ff27a,Lisa,2024-01-29,module_8.py,100,62,Fixed bug
d48f99c747c89848,Spencer,2024-04-04,module_3.py,83,62,Refactored function
7efab95d0cddb1d1,Patrick,2024-05-23,module_8.py,57,10,Code cleanup
6b3a0b4f23990d58,Stephanie,2024-02-17,module_6.py,61,47,Code cleanup
5f030f3af74bd68f,Laura,2024-04-04,module_10.py,28,15,Code cleanup
882efce505162368,Tricia,2024-02-26,module_9.py,48,34,Minor fix
c7470177e8b50318,Kyle,2024-01-01,module_3.py,80,18,Refactored function
1b70c0027e1f0292,Sarah,2024-04-01,module_20.py,95,41,Improved performance
1fc792c9aeab1d03,Julie,2024-02-05,module_10.py,91,0,Improved performance
40af007b677daf12,Helen,2024-01-27,module_4.py,27,5,Refactored function
cf51b4bdc85f497b,Robert,2024-03-14,module_3.py,38,5,Improved performance
17e9616bbfd9adb9,Nancy,2024-01-12,module_12.py,96,55,Improved performance
47d1e53cc8bbbe2d,Frank,2024-04-16,module_20.py,37,35,Updated docs
6f169677bbe73124,Rita,2024-01-30,module_17.py,93,37,Refactored function
99c2b1928440f91f,Nicholas,2024-01-25,module_2.py,23,63,Updated docs
2cce4e95ed7a9523,Melinda,2024-05-30,module_15.py,40,59,Minor fix
f0d5605a8375d837,Emily,2024-03-20,module_20.py,33,6,Fixed bug
49ccb85d4a732908,Jeffery,2024-05-23,module_17.py,24,7,Added feature
559bf1ffc56f11e2,Stephanie,2024-04-18,module_6.py,71,17,Code cleanup
ba6c84e3491833d9,Larry,2024-03-16,module_4.py,94,46,Minor fix
67cf583a3fd155c7,Mitchell,2024-01-07,module_3.py,51,29,Improved performance
771f730a3dbe82ad,Patrick,2024-01-19,module_15.py,63,71,Improved performance
33beb5305d7ae7af,Rodney,2024-02-03,module_1.py,25,58,Code cleanup
74acce30b8b440c9,Dana,2024-01-13,module_13.py,66,8,Improved performance
2608f49f0d5ea9e7,Shawn,2024-04-01,module_6.py,29,52,Code cleanup
23187263b7f780af,Yvette,2024-03-06,module_7.py,40,31,Updated docs
381a4603baa842fe,Barbara,2024-01-22,module_12.py,5,9,Added feature
9fc54ff04956f002,Craig,2024-02-16,module_4.py,29,31,Refactored function
5eb69c4e6b7015db,Amy,2024-05-18,module_13.py,62,61,Improved performance
575a91d09619a5f1,Sarah,2024-02-16,module_1.py,69,56,Minor fix
f9778be19a907bdb,Rodney,2024-05-18,module_19.py,82,33,Minor fix
296ac7e580ca3fa4,Mario,2024-03-08,module_15.py,80,73,Refactored function
ae812e5b6610d41d,Sarah,2024-04-12,module_1.py,79,71,Fixed bug
7ba507d2652a5292,Teresa,2024-05-07,module_6.py,56,19,Code cleanup
e46d437f648a91a8,Tanya,2024-02-23,module_19.py,21,56,Minor fix
c67e253b30fc5e18,Samuel,2024-02-07,module_4.py,85,76,Refactored function
1e69b2f6adfdb3d1,Alyssa,2024-03-14,module_20.py,92,74,Refactored function
97a261640c871a85,Beth,2024-03-08,module_5.py,94,56,Code cleanup
405ff4fec2500c7a,Kenneth,2024-04-04,module_5.py,76,75,Fixed bug
b440d44084b071c6,Guy,2024-02-20,module_6.py,98,45,Code cleanup
cba8de388fc731ea,Kristen,2024-01-24,module_4.py,92,27,Minor fix
8557bcf6f3c6425d,Tricia,2024-01-21,module_15.py,49,68,Added feature
682245307d240318,Brandy,2024-05-27,module_17.py,71,58,Improved performance
7b5d730c1b15eadf,Mary,2024-02-07,module_19.py,80,18,Fixed bug
12324622532e0e1d,Charles,2024-01-19,module_19.py,64,45,Removed unused code
1a445d253918bc3b,Brent,2024-02-05,module_18.py,34,52,Refactored function
12786d45be0b9ccc,Keith,2024-04-27,module_15.py,65,28,Updated docs
8c234e9456ee3fcd,Mitchell,2024-03-10,module_18.py,48,80,Removed unused code
b0a53401e3993877,Brianna,2024-03-02,module_5.py,23,58,Added feature
b1816b6dbc29a304,Thomas,2024-01-19,module_18.py,68,5,Added feature
dc4d490a4e14cab0,Bryan,2024-03-18,module_18.py,5,76,Removed unused code
aa29db36979d16b1,Leah,2024-03-05,module_12.py,47,78,Removed unused code
31bf5b18829b448,Wanda,2024-01-29,module_13.py,82,41,Code cleanup
9e9919479ea31c15,Deborah,2024-04-27,module_15.py,42,18,Updated docs
5151355b542bd292,Mario,2024-02-28,module_4.py,4,70,Updated docs
4b3b55cd3607c80b,Leonard,2024-05-15,module_4.py,35,76,Added feature
6889fe49ea59e865,Cheryl,2024-03-11,module_6.py,33,19,Refactored function
f38ae9db420fbd79,Alexander,2024-04-22,module_6.py,16,74,Refactored function
b9caa0668f2e5e26,Tricia,2024-03-23,module_6.py,23,52,Fixed bug
e5253c043012f787,Eric,2024-04-07,module_18.py,80,71,Code cleanup
102c61b355d34a25,Brenda,2024-01-27,module_8.py,70,20,Minor fix
4770b4dfbae94de2,Aaron,2024-02-16,module_5.py,51,18,Refactored function
e28a0292e8290136,Tracey,2024-02-14,module_16.py,42,47,Updated docs
9648133bf0c987b5,Vanessa,2024-01-18,module_7.py,99,65,Improved performance
cdd911031f125a05,Wesley,2024-02-06,module_17.py,83,10,Removed unused code
1b5cbfe5a6644c14,Destiny,2024-01-21,module_1.py,44,28,Improved performance
639cfa62842c400d,Theresa,2024-04-21,module_7.py,96,1,Removed unused code
4cf4a9ef6826d8a2,John,2024-01-04,module_15.py,23,16,Updated docs
dea6e5313bd05031,Kimberly,2024-03-03,module_14.py,5,10,Updated docs
2055f213d6ba781c,Richard,2024-02-01,module_13.py,34,5,Added feature
f5e224d57b1120cb,Natalie,2024-01-18,module_11.py,80,47,Added feature
8cbdf3310f0c2dc9,Robert,2024-03-24,module_5.py,84,66,Updated docs
422eabbda4d58ce0,Wesley,2024-03-21,module_8.py,72,23,Improved performance
4321b83bb67f9a59,Helen,2024-05-09,module_2.py,16,75,Code cleanup
c484012df3782853,Kristin,2024-05-07,module_11.py,76,62,Removed unused code
be612df4b8cdebec,Melinda,2024-05-22,module_15.py,99,33,Added feature
7f0e6a543e4141c3,Wanda,2024-03-14,module_2.py,95,63,Code cleanup
523c20c09bcdaf0c,Shane,2024-05-30,module_6.py,73,32,Code cleanup
c5efd928f3345885,Tracey,2024-05-02,module_12.py,39,79,Improved performance
a8e34ed49b395883,Joshua,2024-01-27,module_19.py,41,20,Refactored function
8d5811ad0c0e1d80,Noah,2024-03-04,module_20.py,9,51,Removed unused code
14c81e6341355729,Colin,2024-03-14,module_10.py,3,8,Refactored function
9669ea8355709d4,Reginald,2024-01-12,module_15.py,17,27,Improved performance
e71f3ec7c52dfc7a,Zachary,2024-04-29,module_14.py,38,25,Removed unused code
61f5f9c013787ed1,Gabriel,2024-05-30,module_8.py,3,27,Improved performance
1df799f420ad343a,Dennis,2024-02-22,module_15.py,94,61,Code cleanup
d2befa8c7d62ef42,Barbara,2024-02-29,module_1.py,19,67,Minor fix
301792f4584bbdf4,Joyce,2024-02-10,module_18.py,31,58,Removed unused code
2dcc01c7e941dde1,Antonio,2024-03-11,module_2.py,77,29,Improved performance
8daaa99995ec31fb,John,2024-02-24,module_15.py,5,27,Added feature
75ae1e2a3610c394,Brandy,2024-04-29,module_3.py,96,78,Refactored function
2c2b13c4a6b84aca,Melinda,2024-02-19,module_8.py,43,31,Refactored function
7464a38c16e739f4,Alan,2024-02-02,module_7.py,48,75,Updated docs
45f984552096dad,Jessica,2024-04-13,module_17.py,28,38,Fixed bug
85d2b1f4bb35ff05,Randy,2024-04-14,module_18.py,49,11,Improved performance
c93dfebb8bc1cd5a,Vanessa,2024-04-14,module_5.py,80,14,Removed unused code
be3425632b91baa2,Anna,2024-01-18,module_2.py,54,44,Updated docs
39802c9307e3ac03,Kathleen,2024-01-19,module_20.py,18,73,Added feature
2577fba781f3f544,Guy,2024-02-13,module_16.py,81,1,Updated docs
6df950272ab2adb,Randy,2024-01-08,module_2.py,41,5,Code cleanup
1f1ca0a0dce26fad,Mitchell,2024-03-13,module_14.py,29,63,Code cleanup
221bfed587b141c3,Craig,2024-04-19,module_18.py,31,53,Updated docs
3b9ccff576c95970,Leah,2024-05-30,module_7.py,25,60,Removed unused code
adfc514d3da78a27,Martha,2024-03-02,module_6.py,37,52,Code cleanup
3c57001de54b698b,Deborah,2024-02-10,module_9.py,72,43,Added feature
9ad8298c942f9391,Vincent,2024-01-12,module_13.py,27,58,Refactored function
6398196400d156d3,Mitchell,2024-05-05,module_20.py,82,63,Removed unused code
810182bb6a657485,Laura,2024-02-27,module_3.py,87,62,Updated docs
158b671961c69087,Alec,2024-05-28,module_17.py,39,30,Removed unused code
7efe362914c57bff,Lisa,2024-02-12,module_17.py,91,74,Updated docs
19939480ae3438b3,Brenda,2024-03-11,module_6.py,66,6,Updated docs
9758e0b7de2c3e0c,Melinda,2024-01-29,module_12.py,75,75,Updated docs
c2fa1cc53b64944f,Noah,2024-03-22,module_10.py,8,11,Code cleanup
2c711946071e6462,Christine,2024-01-12,module_12.py,97,15,Updated docs
a680df87265ffcb3,Todd,2024-04-07,module_8.py,68,77,Fixed bug
6da43f8c6419aaed,Darrell,2024-03-03,module_10.py,40,3,Improved performance
7a6774cb47c415be,Ryan,2024-01-19,module_16.py,76,35,Updated docs
e5d914923f45d3a,Kyle,2024-02-11,module_15.py,42,62,Removed unused code
3272bf46ee26ea03,Ronald,2024-05-04,module_9.py,1,30,Updated docs
69a5d766f6fd1a31,Erica,2024-04-29,module_8.py,31,51,Added feature
b24a87e3e58fa6cd,Jesse,2024-04-07,module_15.py,11,23,Updated docs
23ed1a7489ad111f,Jennifer,2024-04-16,module_11.py,67,75,Refactored function
a605aafd3b237889,Charles,2024-05-12,module_20.py,99,48,Fixed bug
ce6671c6d59bc65e,Tanya,2024-05-05,module_5.py,21,49,Minor fix
ba7b7ac4ad17bc48,Elizabeth,2024-04-07,module_7.py,8,23,Code cleanup
ec0609330647066b,Kyle,2024-02-22,module_3.py,88,49,Minor fix
521e455e691138bf,Debra,2024-01-04,module_1.py,31,5,Minor fix
42cb8b604f86b10e,Joe,2024-05-14,module_15.py,84,59,Code cleanup
bebd4aeff847034e,Melissa,2024-01-07,module_4.py,61,69,Fixed bug
62e3cc5d7c0eb473,Mike,2024-04-14,module_4.py,95,46,Removed unused code
7d531ff0a62a35cc,Lindsay,2024-03-19,module_6.py,90,43,Minor fix
f2f2cd5252f93a86,Kathleen,2024-02-12,module_4.py,61,54,Removed unused code
8a8dd429bbaa4c8e,Melanie,2024-01-14,module_6.py,16,13,Minor fix
2c007d156d06ee33,Samuel,2024-02-04,module_13.py,55,62,Updated docs
5b81c68692d88f41,Catherine,2024-03-02,module_20.py,34,36,Code cleanup
66d67d27604a4935,Kimberly,2024-03-31,module_12.py,39,8,Updated docs
d27655ff98649e8e,Natalie,2024-02-14,module_20.py,20,38,Code cleanup
384424ee2629bf71,Danielle,2024-03-29,module_16.py,25,59,Fixed bug
9167a2b4d229dee2,Jill,2024-02-21,module_6.py,19,38,Added feature
5559c70e1a9fee26,Jessica,2024-01-21,module_15.py,77,20,Improved performance
886345efbe45ebe6,Jerry,2024-02-28,module_6.py,35,43,Added feature
2f76f78d896a4d17,Shawn,2024-04-13,module_18.py,37,20,Fixed bug
9e5d380c9ead7312,Jeremy,2024-04-21,module_4.py,94,32,Refactored function
ac8aeb94ec98a12,Cassandra,2024-03-30,module_14.py,66,66,Removed unused code
49b4db243e48d285,Sharon,2024-04-05,module_20.py,24,51,Fixed bug
d69c520c15e79052,Pamela,2024-04-30,module_12.py,16,68,Refactored function
4791eeff75e2dd19,Cassandra,2024-01-15,module_13.py,68,80,Improved performance
7e09f9fb9b9a7799,Kristen,2024-04-01,module_8.py,40,63,Removed unused code
fbf30091b8bc9e20,Jennifer,2024-01-23,module_5.py,75,22,Updated docs
40adfa7170b7e813,Tracy,2024-04-15,module_8.py,40,6,Added feature
fce23fabb8af839,Gregory,2024-02-18,module_3.py,72,1,Fixed bug
1384f1e7259f07a7,Tara,2024-05-10,module_8.py,17,30,Updated docs
76cc3176f1db7f79,Amy,2024-05-16,module_14.py,67,12,Minor fix
efbab6568fd1694c,Martin,2024-01-16,module_16.py,13,79,Fixed bug
9dd10459a310727d,Rachael,2024-05-24,module_6.py,15,45,Added feature
4d331f98c01cb4aa,Elizabeth,2024-02-11,module_20.py,49,74,Minor fix
6b0a47ff8db8e049,Patrick,2024-05-16,module_6.py,22,9,Fixed bug
9c455067e3b6d0fb,Pamela,2024-02-06,module_9.py,7,14,Removed unused code
bf0dd71f1f58caf4,Ashley,2024-04-30,module_20.py,53,10,Fixed bug
836e51a4a081fcfe,Andrea,2024-01-15,module_16.py,98,47,Updated docs
9d9974ac686799d7,David,2024-04-11,module_10.py,93,44,Fixed bug
4d2f90a3258b3d2e,Ryan,2024-01-09,module_8.py,83,64,Removed unused code
20c93fd80b9d0e92,Larry,2024-02-14,module_6.py,3,29,Refactored function
7ce3926efdfb5211,Veronica,2024-05-30,module_14.py,35,17,Updated docs
60cd9d2b928fe14c,Thomas,2024-05-04,module_18.py,64,75,Removed unused code
74ca14c1496fa526,Maria,2024-02-09,module_9.py,14,79,Removed unused code
1ca19cf216d18049,Kyle,2024-05-16,module_8.py,50,5,Removed unused code
3c82499a1b6c4e5c,Leah,2024-03-13,module_18.py,17,48,Minor fix
7abdc87bfa2aba93,Susan,2024-03-23,module_15.py,61,35,Code cleanup
1933dafeed9b587f,Martha,2024-02-03,module_9.py,36,54,Improved performance
47fd1ed1351e7246,Jacob,2024-03-30,module_1.py,7,19,Updated docs
20cb816dbc32c1bf,Janet,2024-03-16,module_1.py,66,45,Improved performance
160286b766d98533,Mike,2024-03-10,module_12.py,3,32,Improved performance
52c18f6a8fac0b8c,Monique,2024-03-30,module_18.py,80,18,Minor fix
5362fdafd9fb8a07,Andrew,2024-05-03,module_13.py,16,25,Updated docs
c07598bbf834b51e,Alec,2024-05-08,module_6.py,68,2,Fixed bug
e012b45a187060a1,Elizabeth,2024-04-05,module_14.py,32,79,Updated docs
b4fe05ab4278048b,Tanya,2024-01-23,module_3.py,6,25,Code cleanup
49207250ab5f972c,Helen,2024-01-03,module_13.py,55,20,Updated docs
36e45ca5ccbedb9f,Michael,2024-05-15,module_19.py,86,20,Refactored function
7aa17a4e0f562876,Amy,2024-05-10,module_20.py,18,10,Added feature
747ae4871a0c9809,Robin,2024-04-22,module_5.py,30,59,Code cleanup
828f074499ae8540,Andrea,2024-03-04,module_2.py,43,26,Removed unused code
29ff8c95f343c491,Ashley,2024-02-29,module_4.py,80,1,Removed unused code
560b1c13e833124a,Aaron,2024-01-02,module_17.py,98,70,Minor fix
9b4c12303e10076f,Vincent,2024-01-25,module_9.py,70,35,Minor fix
9d3e25d8d1c652c,Richard,2024-03-12,module_20.py,65,41,Code cleanup
3a0def6474ba436a,Jason,2024-02-21,module_13.py,3,42,Improved performance
6c5fb557fec447b3,Yolanda,2024-03-30,module_20.py,51,67,Minor fix
dcfc37c5be0271a0,Diana,2024-03-16,module_6.py,47,20,Minor fix
